﻿<?xml version="1.0" encoding="utf-8" ?>
<Gumps>
	<Gump Name="BigStats">
		<Image GumpID="0x802" X="20" Y="20" HitTest="true">
			<Movable />
			<QuickDrag />
			<GUID Value="BigStatsGetData( StatSerial )" />
			<Restore />
			<Label Text="GetData( StatName )" X="86" Y="43" Font="1" Hue="0x455" />
			<Label Text="GetData( StatStr )" X="86" Y="62" Font="1" Hue="0x455" />
			<Label Text="GetData( StatDex )" X="86" Y="74" Font="1" Hue="0x455" />
			<Label Text="GetData( StatInt )" X="86" Y="86" Font="1" Hue="0x455" />
			<Label Text="GetData( StatGender )" X="86" Y="98" Font="1" Hue="0x455" />
			<Label Text="GetData( StatAC )" X="86" Y="110" Font="1" Hue="0x455" />
			<Label Text="GetData( StatHPCur )/GetData( StatHPMax )" X="173" Y="62" Font="1" Hue="0x455" />
			<Label Text="GetData( StatManaCur )/GetData( StatManaMax )" X="173" Y="74" Font="1" Hue="0x455" />
			<Label Text="GetData( StatStamCur )/GetData( StatStamMax )" X="173" Y="86" Font="1" Hue="0x455" />
			<Label Text="GetData( StatGold )" X="173" Y="98" Font="1" Hue="0x455" />
			<Label Text="GetData( StatWeight )" X="173" Y="110" Font="1" Hue="0x455" />
			<HitSpot X="240" Y="112" Width="24" Height="25" OnClick="StatusBarMin_OnClick">
				<Tooltip Text="Minimize" />
				<Tag Name="Serial" Type="Integer" Value="GetData( StatSerial )" />
			</HitSpot>
		</Image>
	</Gump>
</Gumps>
