﻿<?xml version="1.0" encoding="utf-8" ?>
<spells spellsPerCircle="8" start="101" count="16" circles="2" displayCircles="false" displayIndex="false">
	<spell name="Animate Dead" power="Uus Corp">
		<reagent name="Grave dust" />
		<reagent name="Daemon blood" />
		<mana value="23" />
		<skill value="40" />
	</spell>
	<spell name="Blood Oath" power="In Jux Mani Xen">
		<reagent name="Daemon blood" />
		<mana value="13" />
		<skill value="20" />
	</spell>
	<spell name="Corpse Skin" power="In Aglo Corp Ylem">
		<reagent name="Bat wing" />
		<reagent name="Grave dust" />
		<mana value="11" />
		<skill value="20" />
	</spell>
	<spell name="Curse Weapon" power="An Sanct Gra Char">
		<reagent name="Pig iron" />
		<mana value="7" />
		<skill value="0" />
	</spell>
	<spell name="Evil Omen" power="Pas Tym An Sanct">
		<reagent name="Bat wing" />
		<reagent name="Nox crystal" />
		<mana value="11" />
		<skill value="20" />
	</spell>
	<spell name="Horrific Beast" power="Rel Xen Vas Bal">
		<reagent name="Bat wing" />
		<reagent name="Daemon blood" />
		<mana value="11" />
		<skill value="40" />
	</spell>
	<spell name="Lich Form" power="Rel Xen Corp Ort">
		<reagent name="Grave dust" />
		<reagent name="Daemon blood" />
		<reagent name="Nox crystal" />
		<mana value="23" />
		<skill value="70" />
	</spell>
	<spell name="Mind Rot" power="Wis An Ben">
		<reagent name="Bat wing" />
		<reagent name="Daemon blood" />
		<reagent name="Pig iron" />
		<mana value="17" />
		<skill value="30" />
	</spell>
	<spell name="Pain Spike" power="In Sar">
		<reagent name="Grave dust" />
		<reagent name="Pig iron" />
		<mana value="5" />
		<skill value="20" />
	</spell>
	<spell name="Poison Strike" power="In Vas Nox">
		<reagent name="Nox crystal" />
		<mana value="17" />
		<skill value="50" />
	</spell>
	<spell name="Strangle" power="In Bal Nox">
		<reagent name="Daemon blood" />
		<reagent name="Nox crystal" />
		<mana value="29" />
		<skill value="65" />
	</spell>
	<spell name="Summon Familiar" power="Kal Xen Bal">
		<reagent name="Bat wing" />
		<reagent name="Grave dust" />
		<reagent name="Daemon blood" />
		<mana value="17" />
		<skill value="30" />
	</spell>
	<spell name="Vampiric Embrace" power="Rel Xen An Sanct">
		<reagent name="Bat wing" />
		<reagent name="Nox crystal" />
		<reagent name="Pig iron" />
		<mana value="23" />
		<skill value="99" />
	</spell>
	<spell name="Vengeful Spirit" power="Kal Xen Bal Beh">
		<reagent name="Bat wing" />
		<reagent name="Grave dust" />
		<reagent name="Pig iron" />
		<mana value="41" />
		<skill value="80" />
	</spell>
	<spell name="Wither" power="Kal Vas An Flam">
		<reagent name="Grave dust" />
		<reagent name="Nox crystal" />
		<reagent name="Pig iron" />
		<mana value="23" />
		<skill value="60" />
	</spell>
	<spell name="Wraith Form" power="Rel Xen Um">
		<reagent name="Nox crystal" />
		<reagent name="Pig iron" />
		<mana value="17" />
		<skill value="20" />
	</spell>
</spells>