﻿<?xml version="1.0" encoding="utf-8" ?>
<spells spellsPerCircle="5" start="201" count="10" circles="2" displayCircles="false" displayIndex="false">
	<spell name="Cleanse by Fire" power="Expor Flamus">
		<tithing value="10" />
		<mana value="10" />
		<skill value="5" />
	</spell>
	<spell name="Close Wounds" power="Obsu Vulni">
		<tithing value="10" />
		<mana value="10" />
		<skill value="0" />
	</spell>
	<spell name="Consecrate Weapon" power="Consecrus Arma">
		<tithing value="10" />
		<mana value="10" />
		<skill value="15" />
	</spell>
	<spell name="Dispel Evil" power="Dispiro Malas">
		<tithing value="10" />
		<mana value="15" />
		<skill value="35" />
	</spell>
	<spell name="Divine Fury" power="Divinum Furis">
		<tithing value="10" />
		<mana value="15" />
		<skill value="25" />
	</spell>
	<spell name="Enemy of One" power="Forul Solum">
		<tithing value="10" />
		<mana value="20" />
		<skill value="45" />
	</spell>
	<spell name="Holy Light" power="Augus Luminos">
		<tithing value="10" />
		<mana value="15" />
		<skill value="55" />
	</spell>
	<spell name="Noble Sacrifice" power="Dium Prostra">
		<tithing value="30" />
		<mana value="20" />
		<skill value="65" />
	</spell>
	<spell name="Remove Curse" power="Extermo Vomica">
		<tithing value="10" />
		<mana value="20" />
		<skill value="5" />
	</spell>
	<spell name="Sacred Journey" power="Sanctum Viatas">
		<tithing value="20" />
		<mana value="20" />
		<skill value="15" />
	</spell>
</spells>
