﻿<?xml version="1.0" encoding="utf-8" ?>
<spells spellsPerCircle="8" start="1" count="64" circles="8" displayCircles="true" displayIndex="true">
	<spell name="Clumsy" power="Uus Jux">
		<reagent name="Bloodmoss" />
		<reagent name="Nightshade" />
	</spell>
	<spell name="Create Food" power="In Mani Ylem">
		<reagent name="Garlic" />
		<reagent name="Ginseng" />
		<reagent name="Mandrake root" />
	</spell>
	<spell name="Feeblemind" power="Rel Wis">
		<reagent name="Ginseng" />
		<reagent name="Nightshade" />
	</spell>
	<spell name="Heal" power="In Mani">
		<reagent name="Garlic" />
		<reagent name="Ginseng" />
		<reagent name="Spiders' silk" />
	</spell>
	<spell name="Magic Arrow" power="In Por Ylem">
		<reagent name="Sulfurous ash" />
	</spell>
	<spell name="Night Sight" power="In Lor">
		<reagent name="Spiders' silk" />
		<reagent name="Sulfurous ash" />
	</spell>
	<spell name="Reactive Armor" power="Flam Sanct">
		<reagent name="Garlic" />
		<reagent name="Sulfurous ash" />
		<reagent name="Spiders' silk" />
	</spell>
	<spell name="Weaken" power="Des Mani">
		<reagent name="Garlic" />
		<reagent name="Nightshade" />
	</spell>
	<spell name="Agility" power="Ex Uus">
		<reagent name="Bloodmoss" />
		<reagent name="Mandrake root" />
	</spell>
	<spell name="Cunning" power="Uus Wis">
		<reagent name="Mandrake root" />
		<reagent name="Nightshade" />
	</spell>
	<spell name="Cure" power="An Nox">
		<reagent name="Garlic" />
		<reagent name="Ginseng" />
	</spell>
	<spell name="Harm" power="An Mani">
		<reagent name="Nightshade" />
		<reagent name="Spiders' silk" />
	</spell>
	<spell name="Magic Trap" power="In Jux">
		<reagent name="Garlic" />
		<reagent name="Sulfurous ash" />
		<reagent name="Spiders' silk" />
	</spell>
	<spell name="Magic Untrap" power="An Jux">
		<reagent name="Bloodmoss" />
		<reagent name="Sulfurous ash" />
	</spell>
	<spell name="Protection" power="Uus Sanct">
		<reagent name="Garlic" />
		<reagent name="Ginseng" />
		<reagent name="Sulfurous ash" />
	</spell>
	<spell name="Strength" power="Uus Mani">
		<reagent name="Mandrake root" />
		<reagent name="Nightshade" />
	</spell>
	<spell name="Bless" power="Rel Sanct">
		<reagent name="Garlic" />
		<reagent name="Mandrake root" />
	</spell>
	<spell name="Fireball" power="Vas Flam">
		<reagent name="Black pearl" />
	</spell>
	<spell name="Magic Lock" power="An Por">
		<reagent name="Sulfurous ash" />
		<reagent name="Bloodmoss" />
		<reagent name="Garlic" />
	</spell>
	<spell name="Poison" power="In Nox">
		<reagent name="Nightshade" />
	</spell>
	<spell name="Telekinesis" power="Ort Por Ylem">
		<reagent name="Bloodmoss" />
		<reagent name="Mandrake root" />
	</spell>
	<spell name="Teleport" power="Rel Por">
		<reagent name="Bloodmoss" />
		<reagent name="Mandrake root" />
	</spell>
	<spell name="Unlock" power="Ex Por">
		<reagent name="Bloodmoss" />
		<reagent name="Sulfurous ash" />
	</spell>
	<spell name="Wall of Stone" power="In Sanct Ylem">
		<reagent name="Bloodmoss" />
		<reagent name="Garlic" />
	</spell>
	<spell name="Arch Cure" power="Vas An Nox">
		<reagent name="Garlic" />
		<reagent name="Ginseng" />
		<reagent name="Mandrake root" />
	</spell>
	<spell name="Arch Protection" power="Vas Uus Sanct">
		<reagent name="Garlic" />
		<reagent name="Ginseng" />
		<reagent name="Mandrake root" />
		<reagent name="Sulfurous ash" />
	</spell>
	<spell name="Curse" power="Des Sanct">
		<reagent name="Garlic" />
		<reagent name="Nightshade" />
		<reagent name="Sulfurous ash" />
	</spell>
	<spell name="Fire Field" power="In Flam Grav">
		<reagent name="Black pearl" />
		<reagent name="Spiders' silk" />
		<reagent name="Sulfurous ash" />
	</spell>
	<spell name="Greater Heal" power="In Vas Mani">
		<reagent name="Garlic" />
		<reagent name="Ginseng" />
		<reagent name="Mandrake root" />
		<reagent name="Spiders' silk" />
	</spell>
	<spell name="Lightning" power="Por Ort Grav">
		<reagent name="Mandrake root" />
		<reagent name="Sulfurous ash" />
	</spell>
	<spell name="Mana Drain" power="Ort Rel">
		<reagent name="Black pearl" />
		<reagent name="Mandrake root" />
		<reagent name="Spiders' silk" />
	</spell>
	<spell name="Recall" power="Kal Ort Por">
		<reagent name="Black pearl" />
		<reagent name="Bloodmoss" />
		<reagent name="Mandrake root" />
	</spell>
	<spell name="Blade Spirits" power="In Jux Hur Ylem">
		<reagent name="Black pearl" />
		<reagent name="Mandrake root" />
		<reagent name="Nightshade" />
	</spell>
	<spell name="Dispel Field" power="An Grav">
		<reagent name="Garlic" />
		<reagent name="Black pearl" />
		<reagent name="Spiders' silk" />
		<reagent name="Sulfurous ash" />
	</spell>
	<spell name="Incognito" power="Kal In Ex">
		<reagent name="Bloodmoss" />
		<reagent name="Garlic" />
		<reagent name="Nightshade" />
	</spell>
	<spell name="Magic Reflection" power="In Jux Sanct">
		<reagent name="Garlic" />
		<reagent name="Mandrake root" />
		<reagent name="Spiders' silk" />
	</spell>
	<spell name="Mind Blast" power="Por Corp Wis">
		<reagent name="Black pearl" />
		<reagent name="Mandrake root" />
		<reagent name="Nightshade" />
		<reagent name="Sulfurous ash" />
	</spell>
	<spell name="Paralyze" power="An Ex Por">
		<reagent name="Garlic" />
		<reagent name="Mandrake root" />
		<reagent name="Spiders' silk" />
	</spell>
	<spell name="Poison Field" power="In Nox Grav">
		<reagent name="Black pearl" />
		<reagent name="Nightshade" />
		<reagent name="Spiders' silk" />
	</spell>
	<spell name="Summ. Creature" power="Kal Xen">
		<reagent name="Bloodmoss" />
		<reagent name="Spiders' silk" />
	</spell>
	<spell name="Dispel" power="An Ort">
		<reagent name="Garlic" />
		<reagent name="Mandrake root" />
		<reagent name="Sulfurous ash" />
	</spell>
	<spell name="Energy Bolt" power="Corp Por">
		<reagent name="Black pearl" />
		<reagent name="Nightshade" />
	</spell>
	<spell name="Explosion" power="Vas Ort Flam">
		<reagent name="Bloodmoss" />
		<reagent name="Mandrake root" />
	</spell>
	<spell name="Invisibility" power="An Lor Xen">
		<reagent name="Bloodmoss" />
		<reagent name="Nightshade" />
	</spell>
	<spell name="Mark" power="Kal Por Ylem">
		<reagent name="Black pearl" />
		<reagent name="Bloodmoss" />
		<reagent name="Mandrake root" />
	</spell>
	<spell name="Mass Curse" power="Vas Des Sanct">
		<reagent name="Garlic" />
		<reagent name="Mandrake root" />
		<reagent name="Nightshade" />
		<reagent name="Sulfurous ash" />
	</spell>
	<spell name="Paralyze Field" power="In Ex Grav">
		<reagent name="Black pearl" />
		<reagent name="Ginseng" />
		<reagent name="Spiders' silk" />
	</spell>
	<spell name="Reveal" power="Wis Quas">
		<reagent name="Bloodmoss" />
		<reagent name="Sulfurous ash" />
	</spell>
	<spell name="Chain Lightning" power="Vas Ort Grav">
		<reagent name="Black pearl" />
		<reagent name="Mandrake root" />
		<reagent name="Bloodmoss" />
		<reagent name="Sulfurous ash" />
	</spell>
	<spell name="Energy Field" power="In Sanct Grav">
		<reagent name="Black pearl" />
		<reagent name="Mandrake root" />
		<reagent name="Spiders' silk" />
		<reagent name="Sulfurous ash" />
	</spell>
	<spell name="Flame Strike" power="Kal Vas Flam">
		<reagent name="Spiders' silk" />
		<reagent name="Sulfurous ash" />
	</spell>
	<spell name="Gate Travel" power="Vas Rel Por">
		<reagent name="Black pearl" />
		<reagent name="Mandrake root" />
		<reagent name="Sulfurous ash" />
	</spell>
	<spell name="Mana Vampire" power="Ort Sanct">
		<reagent name="Black pearl" />
		<reagent name="Bloodmoss" />
		<reagent name="Mandrake root" />
		<reagent name="Spiders' silk" />
	</spell>
	<spell name="Mass Dispel" power="Vas An Ort">
		<reagent name="Black pearl" />
		<reagent name="Garlic" />
		<reagent name="Mandrake root" />
		<reagent name="Sulfurous ash" />
	</spell>
	<spell name="Meteor Swarm" power="Flam Kal Des Ylem">
		<reagent name="Bloodmoss" />
		<reagent name="Spiders' silk" />
		<reagent name="Mandrake root" />
		<reagent name="Sulfurous ash" />
	</spell>
	<spell name="Polymorph" power="Vas Ylem Rel">
		<reagent name="Bloodmoss" />
		<reagent name="Mandrake root" />
		<reagent name="Spiders' silk" />
	</spell>
	<spell name="Earthquake" power="In Vas Por">
		<reagent name="Bloodmoss" />
		<reagent name="Ginseng" />
		<reagent name="Mandrake root" />
		<reagent name="Sulfurous ash" />
	</spell>
	<spell name="Energy Vortex" power="Vas Corp Por">
		<reagent name="Black pearl" />
		<reagent name="Bloodmoss" />
		<reagent name="Mandrake root" />
		<reagent name="Nightshade" />
	</spell>
	<spell name="Resurrection" power="An Corp">
		<reagent name="Bloodmoss" />
		<reagent name="Garlic" />
		<reagent name="Ginseng" />
	</spell>
	<spell name="Air Elemental" power="Kal Vas Xen Hur">
		<reagent name="Bloodmoss" />
		<reagent name="Mandrake root" />
		<reagent name="Spiders' silk" />
	</spell>
	<spell name="Summon Deamon" power="Kal Vas Xen Corp">
		<reagent name="Bloodmoss" />
		<reagent name="Mandrake root" />
		<reagent name="Spiders' silk" />
		<reagent name="Sulfurous ash" />
	</spell>
	<spell name="Earth Elemental" power="Kal Vas Xen Ylem">
		<reagent name="Bloodmoss" />
		<reagent name="Mandrake root" />
		<reagent name="Spiders' silk" />
	</spell>
	<spell name="Fire Elemental" power="Kal Vas Xen Flam">
		<reagent name="Bloodmoss" />
		<reagent name="Mandrake root" />
		<reagent name="Spiders' silk" />
		<reagent name="Sulfurous ash" />
	</spell>
	<spell name="Water Elemental" power="Kal Vas Xen An Flam">
		<reagent name="Bloodmoss" />
		<reagent name="Mandrake root" />
		<reagent name="Spiders' silk" />
	</spell>
</spells>