<?xml version="1.0" encoding="utf-8" ?>
<Gumps>
	<Gump Name="AccountLogin">
		<Include Gumps="LoginBackground">
			<Background Xi="4" Yi="4" Width="_wGame" Height="_hGame">
				<Main />
				<Button GumpIDh="0x15A4" Xi="610" Yi="445" OnClicks="AccountArrow_OnClick" Tooltip="GetString( Tooltips.Next )" CanEnterb="true">
					<GUID Values="AccountArrow" />
				</Button>
				<Background GumpIDh="0x13C2" Widthi="451" Heighti="157" Xi="128" Yi="288" Borderb="true">
					<Label Text="UO Version GetData( Version )" Fonti="9" Yi="166">
						<Align Xs="Center" />
					</Label>
					<Label Texts="Log in to Ultima Online" Fonti="2" Hueh="0x75F" Yi="17">
						<Align Xs="Center" />
					</Label>
					<Label Texts="Account Name" Fonti="2" Hueh="0x75F" Xi="55" Yi="57" />
					<Label Texts="Password" Fonti="2" Hueh="0x75F" Xi="55" Yi="97" />
					<Image GumpIDh="0x58A" Xi="158" Yi="-243" />
				</Background>
				<TextBox GumpIDh="0xBBC" Borderb="true" Xi="328" Yi="343" Widthi="209" Heighti="30" Text="GetData( Username )" Fonti="5" RegularHueh="0x76B" OverHueh="0x835" FocusHueh="0x25" EnterButtons="AccountArrow">
					<GUID Values="Username" />
					<Tooltip Text="GetString( Tooltips.Username )" />
				</TextBox>
				<TextBox GumpIDh="0xBBC" Borderb="true" Xi="328" Yi="383" Widthi="209" Heighti="30" Text="GetData( Password )" Fonti="5" RegularHueh="0x76B" OverHueh="0x835" FocusHueh="0x25" EnterButtons="AccountArrow" PassChars="*">
					<GUID Values="Password" />
					<Tooltip Text="GetString( Tooltips.Password )" />
				</TextBox>
			</Background>
		</Include>
	</Gump>
	<Gump Name="LoginBackground">
		<Background G1h="0xA8C" G2h="0xA8C" G3h="0xA8C" G4h="0xA8D" G6h="0xA8D" G7h="0xA8C" G8h="0xA8C" G9h="0xA8C" X="(_wScreen - (_wGame + 8)) / 2" Y="(_hScreen - (_hGame + 8)) / 2" Width="_wGame + 8" Height="_hGame + 8" Borderb="true">
			<Main /> <!-- Sets this as the parent gump, for children of <Include> -->
			<Movable />
			<QuickDrag />
			<DragClip X="_wGame + 4" Y="_hGame + 4" />
			<GUID Values="LoginBackground" />
			<Restore /> <!-- X and Y coordinates will be restored after dispose/recreate. Must have a GUID -->
			<Focus />
			<Background GumpIDh="0x588" Xi="4" Yi="4" Width="_wGame" Height="_hGame">
				<Image GumpIDh="0x157C" />
				<Image GumpIDh="0x15A0" Yi="4" />
				<Button GumpIDh="0x1589" Xi="555" Yi="4" OnClicks="Quit_OnClick" Tooltip="GetString( Tooltips.Quit )" CanEnterb="false" />
				<Button GumpIDh="0x1595" Xi="14" Yi="434" OnClicks="URLButton_OnClick" Tooltip="GetString( Tooltips.GetHelp )" CanEnterb="false" Enabled="!GetData( Fullscreen )">
					<Tag Names="URL" Types="String" Value="GetString( Url.GetHelp )" />
				</Button>
				<Button GumpIDh="0x158F" Xi="14" Yi="146" OnClicks="URLButton_OnClick" Tooltip="Visit www.uo.com" CanEnterb="false" Enabled="!GetData( Fullscreen )">
					<Tag Names="URL" Types="String" Value="http://my.uo.com/" />
				</Button>
				<Button GumpIDh="0x1592" Xi="14" Yi="205" OnClicks="URLButton_OnClick" Tooltip="Change account and credit card information" CanEnterb="false" Enabled="!GetData( Fullscreen )">
					<Tag Names="URL" Types="String" Value="http://ultima-registration.com/" />
				</Button>
				<!-- <Button GumpIDh="0x158C" Xi="14" Yi="268" CanEnterb="false" Enabled="false" /> -->
			</Background>
		</Background>
	</Gump>
</Gumps>