<?xml version="1.0" encoding="utf-8" ?>
<Gumps>
	<Gump Name="CharacterEntry">
		<Background GumpID="0xBBC" X="64" Y="80 + (40 * GetData( CharDisplayIndex ))" Width="280" Height="30" Border="true">
			<TextButton Text="GetData( CharName )" Font="5" RegularHue="0x81F0" OverHue="0x8024" Y="-2" OnClick="CharSlot_OnClick">
				<GUID Value="Character_GetData( CharIndex )" />
				<Tag Name="CharID" Type="Integer" Value="GetData( CharIndex )" />
				<Align X="Center" />
			</TextButton>
			<HotSpot Width="280" Height="30" Target="Character_GetData( CharIndex )">
				<Tooltip Text="GetString( Tooltips.CharPlay )" />
			</HotSpot>
		</Background>
	</Gump>
	<Gump Name="CharacterList">
		<Include Gump="LoginBackground">
			<Background GumpID="0" X="4" Y="4" Width="_wGame" Height="_hGame">
				<Background GumpID="0xA2C" Width="408" Height="343" X="160" Y="70" Border="true">
					<GUID Value="CharacterList" />
					<Main />
					<Label Text="Character Selection" Font="2" Hue="0x75F" Y="34">
						<Align X="Center" />
					</Label>
					<Button GumpID="0x159D" X="64" Y="280" OnClick="NewCharacter_OnClick" Tooltip="GetString( Tooltips.CharCreate )" Enabled="GetData( CharSlotAvailable )" />
					<Button GumpID="0x159A" X="282" Y="280" Tooltip="GetString( Tooltips.CharDelete )" />
				</Background>
			</Background>
		</Include>
	</Gump>
	<Gump Name="EnterBritannia">
		<Include Gump="LoginBackground">
			<Background GumpID="0" X="4" Y="4" Width="_wGame" Height="_hGame">
				<Background GumpID="0xA2C" Width="356" Height="212" X="142" Y="134" Border="true">
					<Label Text="Entering Britannia..." Font="2" Hue="0x75F" Y="SizeOf( 0xA28 ).Height">
						<Align X="Center" />
					</Label>
					<Button GumpID="0x481" X="164" Y="170" />
				</Background>
			</Background>
		</Include>
	</Gump>
</Gumps>
