<?xml version="1.0" encoding="utf-8" ?>
<Gumps>
	<Gump Name="Connecting">
		<Include Gump="LoginBackground">
			<Background GumpID="0" X="4" Y="4" Width="_wGame" Height="_hGame">
				<Background GumpID="0xA2C" Width="356" Height="212" X="142" Y="134" Border="true">
					<Label Text="Connecting..." Font="2" Hue="0x75F" Y="SizeOf( 0xA28 ).Height">
						<Align X="Center" />
					</Label>
					<Button GumpID="0x47E" X="164" Y="170" />
				</Background>
			</Background>
		</Include>
	</Gump>
	<Gump Name="AccountVerify">
		<Include Gump="LoginBackground">
			<Background GumpID="0" X="4" Y="4" Width="_wGame" Height="_hGame">
				<Background GumpID="0xA2C" Width="356" Height="212" X="142" Y="134" Border="true">
					<Label Text="Verifying Account..." Font="2" Hue="0x75F" Y="SizeOf( 0xA28 ).Height">
						<Align X="Center" />
					</Label>
					<Button GumpID="0x47E" X="164" Y="170" />
				</Background>
			</Background>
		</Include>
	</Gump>
	<Gump Name="AnimationLoad">
		<Include Gump="LoginBackground">
			<Background GumpID="0" X="4" Y="4" Width="_wGame" Height="_hGame">
				<Background GumpID="0xA2C" Width="356" Height="212" X="142" Y="134" Border="true">
					<Label Text="Loading animations, please wait..." Font="2" Hue="0x75F" Y="SizeOf( 0xA28 ).Height" Width="356 - (SizeOf( 0xA28 ).Width + SizeOf( 0xA30 ).Width)">
						<Align X="Center" />
					</Label>
					<Button GumpID="0x47E" X="164" Y="170" />
				</Background>
			</Background>
		</Include>
	</Gump>
	<Gump Name="ConnectionFailed">
		<Include Gump="LoginBackground">
			<Background GumpID="0" X="4" Y="4" Width="_wGame" Height="_hGame">
				<Background GumpID="0xA2C" Width="356" Height="212" X="142" Y="134" Border="true">
					<Modal />
					<Movable />
					<QuickDrag />
					<Label Text="GetData( FailMessage )" Font="2" Hue="0x75F" X="SizeOf( 0xA28 ).Width" Y="SizeOf( 0xA28 ).Height" Width="356 - (SizeOf( 0xA28 ).Width + SizeOf( 0xA30 ).Width)" />
					<Button GumpID="0x481" X="164" Y="170" OnClick="DestroyDialogShowAcctLogin_OnClick" CanEnterb="true" />
				</Background>
			</Background>
		</Include>
	</Gump>
</Gumps>
