﻿<?xml version="1.0" encoding="utf-8" ?>
<Gumps>
	<Gump Name="ServerList">
		<Include Gump="LoginBackground">
			<Background GumpID="0" X="4" Y="4" Width="_wGame" Height="_hGame">
				<ServerList GumpID="0xDB0" X="150" Y="90" Width="380" Height="271" Font="Unicode( 0 )" Hue="1" SelectionBorderColor="0" SelectionFillColor="0xFFFF00" SelectionFillAlpha="25" />
				<!--<Background GumpID="0xDB0" X="150" Y="90" Width="380" Height="271" Border="true">
					<Main />
				</Background>-->
				<Button GumpID="0x15A1" X="586" Y="445" OnClick="DestroyDialogShowAcctLogin_OnClick" Tooltip="Back to main menu" />
				<Button GumpID="0x15A4" X="610" Y="445" OnClick="Server_OnClick" Enabled="GetData( LastServerIsValid )" Tooltip="Play UO on last selected shard" CanEnter="true">
					<If Condition="GetData( LastServerIsValid )">
						<Tag Name="ServerID" Type="Integer" Value="GetData( LastServerID )" />
						<Tag Name="ServerIP" Type="Integer" Value="GetData( LastServerIP )" />
						<Tag Name="ServerName" Type="String" Value="GetData( LastServerName )" />
					</If>
				</Button>
				<Image GumpID="0x589" X="150" Y="390" />
				<Button GumpID="0x15E8" X="160" Y="400" OnClick="Server_OnClick" Enabled="GetData( LastServerIsValid )" Tooltip="Select last visited shard" CanEnter="true">
					<If Condition="GetData( LastServerIsValid )">
						<Tag Name="ServerID" Type="Integer" Value="GetData( LastServerID )" />
						<Tag Name="ServerIP" Type="Integer" Value="GetData( LastServerIP )" />
						<Tag Name="ServerName" Type="String" Value="GetData( LastServerName )" />
						<Label Text="GetData( LastServerName )" Font="9" Hue="0x481" X="59 + 20">
							<Align Y="Center" />
						</Label>
					</If>
				</Button>
			</Background>
		</Include>
	</Gump>
</Gumps>
