﻿<?xml version="1.0" encoding="utf-8" ?>
<Gumps>
	<Gump Name="LoginBackground" File="Login/AccountLogin.xml" />
	<Gump Name="AccountLogin" File="Login/AccountLogin.xml" />
	<Gump Name="Connecting" File="Login/Connecting.xml" />
	<Gump Name="AccountVerify" File="Login/Connecting.xml" />
	<Gump Name="AnimationLoad" File="Login/Connecting.xml" />
	<Gump Name="ConnectionFailed" File="Login/Connecting.xml" />
	<Gump Name="CharacterEntry" File="Login/Characters.xml" />
	<Gump Name="CharacterList" File="Login/Characters.xml" />
	<Gump Name="EnterBritannia" File="Login/Characters.xml" />
	<Gump Name="ServerList" File="Login/Servers.xml" />
	<Gump Name="BigStats" File="Game/Stats.xml" />
</Gumps>
